coefficient	value	error	base	position	side	trim_type	training_error	training_loss
average_mh	1.03236770629883	0.935404539108276	""	""	""	""	6.63698145331182e-08	4.87976551055908
base_count	0.236013233661652	2.61623859405518	GC	""	5end	v_trim	6.63698145331182e-08	4.87976551055908
base_count	0.269535928964615	1.93562614917755	GC	""	5end	j_trim	6.63698145331182e-08	4.87976551055908
base_count	-0.252088248729706	1.53048491477966	AT	""	3end	v_trim	6.63698145331182e-08	4.87976551055908
base_count	-0.304276525974274	1.94554901123047	GC	""	3end	v_trim	6.63698145331182e-08	4.87976551055908
base_count	-0.23724664747715	2.20834732055664	AT	""	3end	j_trim	6.63698145331182e-08	4.87976551055908
base_count	-0.348189979791641	0.95121693611145	GC	""	3end	j_trim	6.63698145331182e-08	4.87976551055908
motif	-0.181656718254089	1.4471093416214	A	pos1	5end	v_trim	6.63698145331182e-08	4.87976551055908
motif	0.104822345077991	1.34766292572021	C	pos1	5end	v_trim	6.63698145331182e-08	4.87976551055908
motif	0.00895488169044256	3.10206294059753	G	pos1	5end	v_trim	6.63698145331182e-08	4.87976551055908
motif	-0.173040702939034	1.84375667572021	A	pos1	5end	j_trim	6.63698145331182e-08	4.87976551055908
motif	0.301240593194962	1.46651244163513	C	pos1	5end	j_trim	6.63698145331182e-08	4.87976551055908
motif	-0.230196818709373	1.74042534828186	G	pos1	5end	j_trim	6.63698145331182e-08	4.87976551055908
motif	0.197552770376205	1.08281791210175	A	pos1	3end	v_trim	6.63698145331182e-08	4.87976551055908
motif	-0.241515725851059	1.74656653404236	C	pos1	3end	v_trim	6.63698145331182e-08	4.87976551055908
motif	0.0505774542689323	1.39386904239655	G	pos1	3end	v_trim	6.63698145331182e-08	4.87976551055908
motif	-0.137974292039871	0.983618021011353	A	pos2	3end	v_trim	6.63698145331182e-08	4.87976551055908
motif	-0.108428575098515	1.36884391307831	C	pos2	3end	v_trim	6.63698145331182e-08	4.87976551055908
motif	0.124608919024467	1.20060610771179	G	pos2	3end	v_trim	6.63698145331182e-08	4.87976551055908
motif	0.29167252779007	1.524787068367	A	pos1	3end	j_trim	6.63698145331182e-08	4.87976551055908
motif	-0.171048060059547	1.21765160560608	C	pos1	3end	j_trim	6.63698145331182e-08	4.87976551055908
motif	-0.0783868953585625	1.72868764400482	G	pos1	3end	j_trim	6.63698145331182e-08	4.87976551055908
motif	0.146547719836235	1.00222563743591	A	pos2	3end	j_trim	6.63698145331182e-08	4.87976551055908
motif	-0.192684650421143	1.15759253501892	C	pos2	3end	j_trim	6.63698145331182e-08	4.87976551055908
motif	-0.0146482493728399	1.24826216697693	G	pos2	3end	j_trim	6.63698145331182e-08	4.87976551055908
ligation_mh	0.292780369520187	0.925239324569702	""	""	""	""	6.63698145331182e-08	4.87976551055908
motif	0.121793948113918		T	pos2	3end	v_trim	6.63698145331182e-08	4.87976551055908
motif	-0.0422375723719597		T	pos1	3end	j_trim	6.63698145331182e-08	4.87976551055908
motif	-0.00661449879407883		T	pos1	3end	v_trim	6.63698145331182e-08	4.87976551055908
motif	0.0678794914856553		T	pos1	5end	v_trim	6.63698145331182e-08	4.87976551055908
motif	0.101996928453445		T	pos1	5end	j_trim	6.63698145331182e-08	4.87976551055908
motif	0.0607851799577475		T	pos2	3end	j_trim	6.63698145331182e-08	4.87976551055908
